thc_pct,thca_pct,cbd_pct,cbda_pct,cbg_pct,cbc_pct,myrcene_pct,limonene_pct,pinene_pct,linalool_pct,caryophyllene_pct,humulene_pct,parent_strains,reduces_stress_pred,analgesic_pred,low_psychoactivity_pred,strain_name,full_strain_name,effect_score,parent_similarity,combined_score,rank
0.607088,0.67257875,0.65823543,0.68087447,0.7597314,0.7967045,0.7404491,0.7475553,0.74162567,0.702421,0.67882115,0.7416355,"['sample_22', 'sample_47']",1,1,0,Stress_Analgesic_candidate,Stress_Analgesic_candidate_22_47,2,0.9451606278322899,2.9451606278322897,1
0.66240424,0.6955242,0.64437914,0.7085207,0.7658063,0.8215415,0.7503149,0.7696263,0.78726983,0.7221408,0.68382305,0.7591138,"['sample_22', 'sample_47']",1,1,0,Stress_Analgesic_candidate,Stress_Analgesic_candidate_22_47,2,0.9450422680126973,2.9450422680126973,2
0.65187764,0.68497354,0.65345955,0.6974155,0.7566862,0.81701934,0.74932075,0.75145686,0.7749175,0.7144968,0.68016666,0.7497697,"['sample_22', 'sample_47']",1,1,0,Stress_Analgesic_candidate,Stress_Analgesic_candidate_22_47,2,0.9445250256449931,2.9445250256449933,3
0.6514017,0.69697475,0.6958384,0.720366,0.781178,0.8422057,0.77714926,0.7686956,0.7987492,0.7432921,0.7051927,0.74944764,"['sample_22', 'sample_47']",1,1,0,Stress_Analgesic_candidate,Stress_Analgesic_candidate_22_47,2,0.9438143903244465,2.9438143903244463,4
0.7192102,0.72651035,0.69435096,0.76091355,0.79383767,0.8718463,0.7851204,0.7841534,0.8404146,0.76771075,0.7355949,0.7757207,"['sample_22', 'sample_47']",1,1,0,Stress_Analgesic_candidate,Stress_Analgesic_candidate_22_47,2,0.9437817668256783,2.943781766825678,5
